Date,Grupo Galicia,YPF,Apple,Microsoft,S&P 500 ETF
2023-01-03,268.8608093261719,8.710000038146973,123.33063507080078,234.42355346679688,367.1507873535156
2023-01-04,275.6949462890625,8.710000038146973,124.60270690917969,224.16912841796875,369.9852294921875
2023-01-05,296.2002868652344,9.350000381469727,123.28132629394531,217.5252685546875,365.7624816894531
2023-01-06,307.3387756347656,9.449999809265137,127.8173599243164,220.0888671875,374.150146484375
2023-01-09,310.55657958984375,9.75,128.33999633789062,222.23178100585938,373.93804931640625
2023-01-10,314.1043395996094,9.720000267028809,128.91189575195312,223.92454528808594,376.5604248046875
2023-01-11,339.1865234375,9.869999885559082,131.63356018066406,230.69558715820312,381.3231201171875
2023-01-12,364.5161437988281,10.350000381469727,131.55467224121094,233.37660217285156,382.71142578125
2023-01-13,377.05718994140625,11.079999923706055,132.88587951660156,234.0811004638672,384.19610595703125
2023-01-17,407.99737548828125,12.220000267028809,134.0494842529297,235.17701721191406,383.4923400878906
2023-01-18,362.2059631347656,11.210000038146973,133.32965087890625,230.73472595214844,377.4377746582031
2023-01-19,375.7784423828125,11.220000267028809,133.3887939453125,226.93820190429688,374.6900634765625
2023-01-20,409.31744384765625,11.920000076293945,135.95263671875,235.04981994628906,381.67022705078125
2023-01-23,406.0997314453125,11.979999542236328,139.14759826660156,237.35903930664062,386.24969482421875
2023-01-24,399.3341369628906,12.0,140.54783630371094,236.83062744140625,385.83514404296875
2023-01-25,418.2282409667969,12.079999923706055,139.8871307373047,235.43141174316406,385.979736328125
2023-01-26,420.78594970703125,12.020000457763672,141.95794677734375,242.66236877441406,390.2217712402344
2023-01-27,407.131103515625,11.539999961853027,143.90054321289062,242.8189239501953,391.1184387207031
2023-01-30,386.05047607421875,11.149999618530273,141.01129150390625,237.48623657226562,386.2110900878906
2023-01-31,404.2845764160156,11.949999809265137,142.2833251953125,242.47645568847656,391.8897705078125
2023-02-01,396.03387451171875,11.75,143.4075164794922,247.3101348876953,396.0546875
2023-02-02,396.03387451171875,11.470000267028809,148.7225341796875,258.9050598144531,401.82000732421875
2023-02-03,375.4071044921875,11.180000305175781,152.35137939453125,252.7896270751953,397.5490417480469
2023-02-06,376.6446838378906,11.479999542236328,149.61985778808594,251.24359130859375,395.11944580078125
2023-02-07,383.6577453613281,11.539999961853027,152.499267578125,261.80133056640625,400.28704833984375
2023-02-08,390.25836181640625,11.550000190734863,149.8072509765625,260.9892578125,395.9100341796875
2023-02-09,387.78314208984375,11.279999732971191,148.7718505859375,257.9461975097656,392.477783203125
2023-02-10,389.8458251953125,11.579999923706055,149.1372528076172,257.4373474121094,393.3937072753906
2023-02-13,411.29766845703125,12.029999732971191,151.94204711914062,265.4804382324219,398.01177978515625
2023-02-14,428.21160888671875,12.09000015258789,151.30010986328125,266.31219482421875,397.82861328125
2023-02-15,418.5170593261719,11.880000114440918,153.4036865234375,264.18353271484375,399.12054443359375
2023-02-16,424.9113464355469,11.890000343322754,151.8037567138672,257.1503601074219,393.6251525878906
2023-02-17,409.6474609375,11.40999984741211,150.6581573486328,253.13827514648438,392.6417541503906
2023-02-22,400.24169921875,11.369999885559082,147.0633087158203,246.7131805419922,384.2347412109375
2023-02-23,410.06005859375,11.710000038146973,147.54721069335938,249.91102600097656,386.2785949707031
2023-02-24,406.759765625,11.880000114440918,144.8905792236328,244.46685791015625,382.15228271484375
2023-02-27,413.3603515625,12.109999656677246,146.0855712890625,245.38894653320312,383.4538269042969
2023-02-28,404.6145935058594,11.770000457763672,145.5819091796875,244.66305541992188,382.0365905761719
2023-03-01,404.3670959472656,12.100000381469727,143.50791931152344,241.57315063476562,380.5710754394531
2023-03-02,387.78314208984375,11.550000190734863,144.1005096435547,246.3208465576172,383.53094482421875
2023-03-03,392.7336120605469,11.930000305175781,149.1570281982422,250.42108154296875,389.6819152832031
2023-03-06,403.2532043457031,12.710000038146973,151.9222869873047,251.9709930419922,389.9518737792969
2023-03-07,392.8985900878906,11.800000190734863,149.71994018554688,249.30282592773438,383.974365234375
2023-03-08,408.2448425292969,12.050000190734863,150.9741973876953,248.8614044189453,384.6011047363281
2023-03-09,402.6343994140625,11.5600004196167,148.72247314453125,247.5077667236328,377.5052185058594
2023-03-10,383.4102783203125,10.649999618530273,146.65838623046875,243.84889221191406,372.05810546875
2023-03-13,367.1976318359375,9.90999984741211,148.60397338867188,249.0772247314453,371.52783203125
2023-03-14,356.3066711425781,9.779999732971191,150.69766235351562,255.81625366210938,377.669189453125
2023-03-15,336.87628173828125,9.270000457763672,151.09271240234375,260.3775634765625,375.30712890625
2023-03-16,359.1531677246094,9.520000457763672,153.91722106933594,270.93231201171875,381.8919372558594
2023-03-17,348.13848876953125,9.050000190734863,153.07777404785156,274.1007080078125,377.4266052246094
2023-03-20,341.57916259765625,9.130000114440918,155.44801330566406,267.0380554199219,381.0557861328125
2023-03-21,363.6085510253906,9.819999694824219,157.30470275878906,268.5584716796875,386.0592346191406
2023-03-22,351.933837890625,9.770000457763672,155.8726806640625,267.0968933105469,379.4783020019531
2023-03-23,341.41424560546875,9.65999984741211,156.9590301513672,272.364501953125,380.504150390625
2023-03-27,361.8759460449219,10.3100004196167,156.3170928955078,271.1088562011719,383.7171936035156
2023-03-28,370.2916564941406,10.829999923706055,155.69491577148438,269.9808654785156,382.8558349609375
2023-03-29,379.69744873046875,11.229999542236328,158.77621459960938,275.1601257324219,388.42059326171875
2023-03-30,378.5836181640625,11.430000305175781,160.34649658203125,278.6325988769531,390.6949462890625
2023-03-31,365.3825378417969,10.979999542236328,162.85501098632812,282.8015441894531,396.20166015625
2023-04-03,380.3987731933594,11.649999618530273,164.10926818847656,281.751953125,397.71142578125
2023-04-04,372.51934814453125,11.399999618530273,163.57595825195312,281.7029113769531,395.50482177734375
2023-04-05,372.8080749511719,11.470000267028809,161.7291259765625,278.9171142578125,394.46929931640625
2023-04-10,369.5078430175781,12.300000190734863,160.0205841064453,283.87078857421875,396.41455078125
2023-04-11,382.7914733886719,12.40999984741211,158.80587768554688,277.4358825683594,396.52099609375
2023-04-12,406.8422546386719,12.539999961853027,158.11453247070312,278.0833435058594,394.9048156738281
2023-04-13,412.57647705078125,12.350000381469727,163.50682067871094,284.31219482421875,400.1501770019531
2023-04-14,422.1473083496094,12.449999809265137,163.16116333007812,280.6827392578125,399.1726989746094
2023-04-17,436.6685791015625,12.279999732971191,163.180908203125,283.2919921875,400.6051025390625
2023-04-18,433.20330810546875,12.220000267028809,164.40554809570312,282.8702697753906,400.8663330078125
2023-04-19,414.26788330078125,11.5600004196167,165.55116271972656,282.9486999511719,400.798583984375
2023-04-20,427.1802673339844,11.479999542236328,164.58331298828125,280.6533508300781,398.61138916015625
2023-04-21,437.3285827636719,11.300000190734863,162.97352600097656,280.3099670410156,398.92108154296875
2023-04-24,445.41436767578125,11.430000305175781,163.2796630859375,276.3961181640625,399.3372802734375
2023-04-25,446.3219299316406,11.119999885559082,161.739013671875,270.1672058105469,392.9982604980469
2023-04-26,443.68170166015625,11.020000457763672,161.7291259765625,289.7367248535156,391.33367919921875
2023-04-27,435.7197265625,11.079999923706055,166.3214874267578,299.01629638671875,399.1242980957031
2023-04-28,431.22314453125,11.119999885559082,167.57568359375,301.39990234375,402.5309143066406
2023-05-02,429.7379455566406,10.8100004196167,166.44985961914062,299.5852355957031,397.60491943359375
2023-05-03,417.56817626953125,10.619999885559082,165.37335205078125,298.594482421875,394.8757629394531
2023-05-04,407.5023498535156,10.539999961853027,163.7339630126953,299.5852355957031,392.078857421875
2023-05-05,441.2989501953125,11.390000343322754,171.41746520996094,304.7252502441406,399.3372802734375
2023-05-08,452.08770751953125,11.520000457763672,171.34835815429688,302.763427734375,399.4437255859375
2023-05-09,453.7774658203125,11.739999771118164,169.63983154296875,301.1449890136719,397.69207763671875
2023-05-10,460.27679443359375,11.649999618530273,171.4075927734375,306.3536071777344,399.5501708984375
2023-05-11,478.7345886230469,11.75,171.59524536132812,304.19561767578125,398.8533935546875
2023-05-12,480.77099609375,11.359999656677246,170.66563415527344,303.0773010253906,398.33074951171875
2023-05-15,470.5888366699219,11.130000114440918,170.171142578125,303.5579528808594,399.7050476074219
2023-05-16,454.94732666015625,10.800000190734863,170.171142578125,305.79449462890625,397.0339050292969
2023-05-17,473.5785217285156,11.0600004196167,170.78428649902344,308.6847229003906,401.853515625
2023-05-18,476.3082275390625,10.880000114440918,173.11822509765625,313.1282043457031,405.72467041015625
2023-05-19,476.6982116699219,10.8100004196167,173.22706604003906,312.9512939453125,405.13427734375
2023-05-22,464.2196350097656,10.800000190734863,172.2776336669922,315.7431640625,405.298828125
2023-05-23,472.4520263671875,11.170000076293945,169.666748046875,309.92340087890625,400.7502136230469
2023-05-24,480.77099609375,11.380000114440918,169.9436492919922,308.5372314453125,397.8468322753906
2023-05-30,494.07293701171875,11.279999732971191,175.3434295654297,325.6033935546875,406.64398193359375
2023-05-31,504.81829833984375,10.989999771118164,175.29396057128906,322.8311767578125,404.38909912109375
2023-06-01,517.6000366210938,11.300000190734863,178.10263061523438,326.95013427734375,408.2312316894531
2023-06-02,506.3346862792969,11.479999542236328,178.953125,329.72247314453125,414.1347351074219
2023-06-05,526.5256958007812,11.729999542236328,177.59828186035156,330.25335693359375,413.3411560058594
2023-06-06,590.9117431640625,12.460000038146973,177.23236083984375,328.0316467285156,414.2411804199219
2023-06-07,614.7423095703125,12.529999732971191,175.85768127441406,317.9059753417969,412.80877685546875
2023-06-08,628.9906616210938,12.619999885559082,178.5773468017578,319.75408935546875,415.3057556152344
2023-06-09,634.77880859375,12.550000190734863,178.96302795410156,321.25823974609375,416.0509338378906
2023-06-12,632.6301879882812,12.390000343322754,181.76181030273438,326.2325744628906,419.82525634765625
2023-06-13,658.76513671875,12.399999618530273,181.28707885742188,328.63128662109375,422.5931091308594
2023-06-14,666.7020874023438,12.5,181.92002868652344,331.6296691894531,423.0963439941406
2023-06-15,700.3792724609375,13.449999809265137,183.9573211669922,342.20751953125,428.341796875
2023-06-16,752.034912109375,14.550000190734863,182.87930297851562,336.53515625,426.88275146484375
2023-06-21,794.5260009765625,15.449999809265137,181.92994689941406,327.91363525390625,422.49212646484375
2023-06-22,739.4498901367188,14.729999542236328,184.93638610839844,333.95953369140625,424.0171813964844
2023-06-23,759.4019165039062,14.789999961853027,184.6199188232422,329.3489074707031,420.8116455078125
2023-06-26,789.9217529296875,15.399999618530273,183.2254638671875,323.0376281738281,419.09228515625
2023-06-27,749.798583984375,14.989999771118164,185.9846649169922,328.9065246582031,423.6869201660156
2023-06-28,749.6671752929688,14.770000457763672,187.16156005859375,330.16485595703125,423.900634765625
2023-06-29,757.253173828125,15.1899995803833,187.49778747558594,329.3783874511719,425.5713806152344
2023-06-30,776.8543701171875,14.890000343322754,191.8294677734375,334.7755126953125,430.59344482421875
2023-07-03,806.0148315429688,14.890000343322754,190.3361358642578,332.26861572265625,431.0888671875
2023-07-05,807.0233764648438,15.149999618530273,189.21859741210938,332.4259338378906,430.4477233886719
2023-07-06,754.9302978515625,14.050000190734863,189.69329833984375,335.4931335449219,427.0770568847656
2023-07-07,760.81640625,14.369999885559082,188.5757598876953,331.5116882324219,425.9987487792969
2023-07-10,738.909423828125,14.510000228881836,186.52862548828125,326.2129211425781,427.0770568847656
2023-07-11,746.2559814453125,14.420000076293945,186.00445556640625,326.8420715332031,429.7969055175781
2023-07-12,765.5519409179688,14.9399995803833,187.67581176757812,331.49200439453125,433.2550354003906
2023-07-13,812.331298828125,15.170000076293945,188.43731689453125,336.85955810546875,436.6937255859375
2023-07-14,784.05126953125,14.479999542236328,188.5856475830078,339.3959045410156,436.4217224121094
2023-07-17,814.45556640625,15.239999771118164,191.84925842285156,339.87762451171875,437.93707275390625
2023-07-18,813.791748046875,15.479999542236328,191.5921173095703,353.40472412109375,441.1911926269531
2023-07-19,801.75390625,15.350000381469727,192.94699096679688,349.0693359375,442.17236328125
2023-07-20,819.1025390625,15.25,190.99874877929688,340.9983215332031,439.23870849609375
2023-07-21,847.0284423828125,15.460000038146973,189.8218994140625,337.9507751464844,439.23870849609375
2023-07-24,827.6882934570312,15.630000114440918,190.6229248046875,339.2680969238281,441.2008972167969
2023-07-25,848.5332641601562,15.630000114440918,191.4833221435547,345.03875732421875,442.4054260253906
2023-07-26,854.330810546875,15.399999618530273,192.35360717773438,332.0523681640625,442.4734191894531
2023-07-27,798.2576904296875,14.350000381469727,191.08773803710938,325.1216735839844,439.5398254394531
2023-07-28,812.8179931640625,14.59000015258789,193.6689453125,332.6422119140625,443.8431091308594
2023-07-31,825.4312744140625,14.890000343322754,194.2821044921875,330.23370361328125,444.68817138671875
2023-08-01,812.2427368164062,14.680000305175781,193.4513397216797,330.6465759277344,443.4156494140625
2023-08-02,795.5580444335938,14.260000228881836,190.45477294921875,321.9562072753906,437.2474060058594
2023-08-03,802.3292236328125,14.0,189.0603485107422,321.1304626464844,435.9942932128906
2023-08-04,842.9340209960938,14.069999694824219,179.98165893554688,322.2314758300781,434.02239990234375
2023-08-07,848.7861328125,13.949999809265137,176.8763427734375,324.52203369140625,437.810791015625
2023-08-08,881.3080444335938,14.329999923706055,177.81582641601562,320.5307312011719,435.9068908691406
2023-08-09,865.0023803710938,14.329999923706055,176.22361755371094,316.7754211425781,432.99273681640625
2023-08-10,899.3111572265625,14.390000343322754,176.0060272216797,317.46356201171875,433.1481628417969
2023-08-11,890.8233032226562,14.510000228881836,176.06544494628906,315.5760498046875,432.8955383300781
2023-08-14,867.5487060546875,14.229999542236328,177.71926879882812,318.55474853515625,435.28521728515625
2023-08-15,895.380126953125,14.069999694824219,175.72874450683594,316.4117126464844,430.214599609375
2023-08-16,1018.0965576171875,14.630000114440918,174.85728454589844,315.643310546875,427.0576171875
2023-08-17,989.9971313476562,14.739999771118164,172.31222534179688,312.1755065917969,423.8034973144531
2023-08-18,983.4302368164062,14.59000015258789,172.7974853515625,311.7814636230469,424.0074462890625
2023-08-22,1009.7428588867188,14.619999885559082,175.5108642578125,317.67266845703125,425.6102294921875
2023-08-23,1080.2366943359375,15.029999732971191,179.3631591796875,322.145263671875,430.3505859375
2023-08-24,1062.8143310546875,14.6899995803833,174.66912841796875,315.21966552734375,424.3863525390625
2023-08-25,1123.9715576171875,14.75,176.87750244140625,318.18499755859375,427.3782043457031
2023-08-28,1247.6707763671875,14.899999618530273,178.44215393066406,318.8943176269531,430.08831787109375
2023-08-29,1308.426025390625,14.84000015258789,182.3340301513672,323.5343017578125,436.3051452636719
2023-08-30,1296.051513671875,14.609999656677246,185.82980346679688,323.90875244140625,438.10223388671875
2023-08-31,1262.0557861328125,14.4399995803833,186.04766845703125,322.8940124511719,437.4611511230469
2023-09-01,1209.1181640625,14.210000038146973,187.6222686767578,323.7806396484375,438.27703857421875
2023-09-05,1143.582763671875,13.649999618530273,187.8599090576172,328.5980224609375,436.38287353515625
2023-09-06,1128.036865234375,13.470000267028809,181.1357879638672,327.93804931640625,433.4493408203125
2023-09-07,1051.6231689453125,13.09000015258789,175.8376922607422,325.0120849609375,432.1184997558594
2023-09-08,1019.961669921875,12.65999984741211,176.45166015625,329.3073425292969,432.7693176269531
2023-09-11,990.7735595703125,12.069999694824219,177.62020874023438,332.9228515625,435.615478515625
2023-09-12,1049.5096435546875,12.449999809265137,174.5898895263672,326.8444519042969,433.22589111328125
2023-09-13,1055.131103515625,12.84000015258789,172.5201873779297,331.0707702636719,433.73101806640625
2023-09-14,1074.8297119140625,12.930000305175781,174.03533935546875,333.67156982421875,437.4708557128906
2023-09-15,1049.7342529296875,12.710000038146973,173.31239318847656,325.3175048828125,432.2000427246094
2023-09-18,1071.771484375,13.079999923706055,176.2436981201172,324.1746826171875,432.4534912109375
2023-09-19,1049.2845458984375,12.9399995803833,177.33303833007812,323.7707824707031,431.5566711425781
2023-09-20,1011.2817993164062,12.789999961853027,173.7877655029297,316.0077819824219,427.5892028808594
2023-09-21,986.2761840820312,13.119999885559082,172.24288940429688,314.7861633300781,420.5218505859375
2023-09-22,988.8846435546875,12.869999885559082,173.09454345703125,312.3035888671875,419.5762634277344
2023-09-25,973.9534912109375,12.579999923706055,174.37205505371094,312.82574462890625,421.3406982421875
2023-09-26,960.1912841796875,12.210000038146973,170.29202270507812,307.50592041015625,415.150634765625
2023-09-27,976.8316650390625,12.6899995803833,168.77684020996094,308.1462707519531,415.3163757324219
2023-09-28,1014.6547241210938,12.619999885559082,169.0343475341797,308.9836730957031,417.7240905761719
2023-09-29,962.080322265625,12.25,169.5492706298828,311.062255859375,416.7103576660156
2023-10-02,938.3789672851562,12.119999885559082,172.06463623046875,317.0224609375,416.544677734375
2023-10-03,935.9505004882812,11.640000343322754,170.7277069091797,308.73736572265625,410.96875
2023-10-04,991.8527221679688,11.460000038146973,171.9755096435547,314.2246398925781,413.9613952636719
2023-10-05,1012.8108520507812,11.489999771118164,173.21339416503906,314.61871337890625,413.805419921875
2023-10-06,993.7418212890625,11.399999618530273,175.76834106445312,322.40142822265625,418.71844482421875
2023-10-09,974.4931640625,11.970000267028809,177.25381469726562,324.92340087890625,421.3991394042969
2023-10-10,1031.7896728515625,12.079999923706055,176.6596221923828,323.5146789550781,423.592529296875
2023-10-11,1025.80810546875,12.5,178.05596923828125,327.4848327636719,425.32763671875
2023-10-12,1035.8824462890625,12.859999656677246,178.95716857910156,326.2435607910156,422.734619140625
2023-10-17,1092.14453125,13.720000267028809,175.431640625,327.13018798828125,425.0351867675781
2023-10-18,1059.808349609375,13.5,174.1343536376953,325.2090759277344,419.37158203125
2023-10-19,1013.9800415039062,12.609999656677246,173.758056640625,326.4011535644531,415.68682861328125
2023-10-20,1040.0198974609375,12.289999961853027,171.2030792236328,321.8201904296875,410.57879638671875
2023-10-23,1016.0040283203125,11.489999771118164,171.32191467285156,324.4308776855469,409.8671875
2023-10-24,909.505859375,11.239999771118164,171.75762939453125,325.62286376953125,412.95733642578125
2023-10-25,974.7627563476562,11.270000457763672,169.4403533935547,335.61236572265625,407.0304870605469
2023-10-26,960.9109497070312,11.300000190734863,165.27117919921875,323.0220947265625,402.156494140625
2023-10-27,921.4688720703125,11.039999961853027,166.5882568359375,324.91357421875,400.3336181640625
2023-10-30,855.5822143554688,10.449999809265137,168.63818359375,332.3022155761719,405.11993408203125
2023-10-31,883.69091796875,9.930000305175781,169.1135711669922,333.0903015136719,407.6641540527344
2023-11-01,957.9877319335938,10.350000381469727,172.2825164794922,340.93218994140625,412.0118103027344
2023-11-02,986.86083984375,10.699999809265137,175.8475799560547,343.1488037109375,419.9077453613281
2023-11-03,971.4348754882812,10.720000267028809,174.9364776611328,347.5622253417969,423.7386779785156
2023-11-07,931.0482177734375,10.140000343322754,180.05638122558594,355.177490234375,425.9222412109375
2023-11-08,902.6697998046875,10.029999732971191,181.11598205566406,357.8078918457031,426.2342529296875
2023-11-09,929.9239501953125,9.960000038146973,180.640625,355.3351135253906,422.9101257324219
2023-11-10,961.0908813476562,10.319999694824219,184.8351287841797,364.1817932128906,429.509521484375
2023-11-13,935.2308349609375,10.15999984741211,183.24856567382812,361.2362365722656,429.1001281738281
2023-11-14,930.2838745117188,10.470000267028809,185.86639404296875,364.7729187011719,437.4249572753906
2023-11-15,947.2389526367188,10.25,186.43161010742188,364.92095947265625,438.35107421875
2023-11-16,917.1963500976562,10.210000038146973,188.11734008789062,371.3375244140625,438.8872375488281
2023-11-17,1001.0276489257812,10.729999542236328,188.09750366210938,365.0986633300781,439.4330749511719
2023-11-21,1189.4229736328125,14.829999923706055,189.03952026367188,368.27734375,441.85064697265625
2023-11-22,1180.4281005859375,15.0,189.70387268066406,372.9958801269531,443.5564880371094
2023-11-24,1367.834228515625,16.84000015258789,188.37513732910156,372.5812683105469,443.8294372558594
2023-11-27,1439.6573486328125,17.260000228881836,188.1966552734375,373.7461242675781,443.0301208496094
2023-11-28,1294.2119140625,16.790000915527344,188.80152893066406,377.7835388183594,443.46881103515625
2023-11-29,1331.4053955078125,16.979999542236328,187.78018188476562,373.9830322265625,443.1568298339844
2023-11-30,1353.71240234375,16.610000610351562,188.35533142089844,374.04229736328125,444.9017028808594
2023-12-01,1439.4774169921875,16.149999618530273,189.6344757080078,369.69879150390625,447.53375244140625
2023-12-04,1368.5086669921875,16.040000915527344,187.8396759033203,364.39776611328125,445.1844482421875
2023-12-05,1476.3560791015625,17.09000015258789,191.79617309570312,367.7343444824219,445.09674072265625
2023-12-06,1467.3612060546875,16.40999984741211,190.70542907714844,364.0621337890625,443.3031005859375
2023-12-07,1490.4327392578125,16.5,192.6390380859375,366.1845397949219,446.6856689453125
2023-12-11,1579.7957763671875,17.079999923706055,191.5581817626953,366.5299987792969,450.3509521484375
2023-12-12,1601.8331298828125,17.260000228881836,193.07537841796875,369.5704650878906,452.4077453613281
2023-12-13,1643.61376953125,17.600000381469727,196.29808044433594,369.5605773925781,458.64654541015625
2023-12-14,1609.02880859375,17.43000030517578,196.44680786132812,361.2290344238281,460.11846923828125
2023-12-15,1486.38525390625,17.040000915527344,195.9113311767578,365.96734619140625,459.36090087890625
2023-12-18,1481.168212890625,17.520000457763672,194.24545288085938,367.8626403808594,461.94482421875
2023-12-19,1440.197021484375,17.31999969482422,195.28665161132812,368.46484375,464.7538757324219
2023-12-20,1506.5784912109375,17.700000762939453,193.19436645507812,365.8587646484375,458.31365966796875
2023-12-21,1549.8883056640625,17.649999618530273,193.04559326171875,368.7412109375,462.6593322753906
2023-12-22,1579.6160888671875,17.5,191.97467041015625,369.76788330078125,463.58917236328125
2023-12-26,1496.8641357421875,17.469999313354492,191.42930603027344,369.8468933105469,465.54669189453125
2023-12-27,1439.4774169921875,17.239999771118164,191.52845764160156,369.26446533203125,466.388427734375
2023-12-28,1497.31396484375,17.010000228881836,191.95484924316406,370.45892333984375,466.5646057128906
2023-12-29,1508.4222412109375,17.190000534057617,190.91366577148438,371.2090759277344,465.2138977050781
2024-01-02,1516.47265625,16.520000457763672,184.08151245117188,366.10552978515625,462.61041259765625
2024-01-03,1593.602783203125,16.770000457763672,182.70318603515625,365.8390197753906,458.8323974609375
2024-01-04,1619.552734375,16.229999542236328,180.38282775878906,363.213134765625,457.3544616699219
2024-01-05,1699.2913818359375,16.700000762939453,179.65895080566406,363.025634765625,457.9808349609375
2024-01-08,1796.4346923828125,16.709999084472656,184.00218200683594,369.8764953613281,464.5189514160156
2024-01-09,1702.03466796875,16.040000915527344,183.585693359375,370.9623718261719,463.81427001953125
2024-01-10,1725.600830078125,15.899999618530273,184.6269073486328,377.8526611328125,466.4373474121094
2024-01-11,1659.039794921875,15.989999771118164,184.03192138671875,379.68878173828125,466.2318115234375
2024-01-12,1665.156005859375,15.890000343322754,184.35914611816406,383.4794616699219,466.5548095703125
2024-01-16,1692.9049072265625,14.90999984741211,182.08837890625,385.25628662109375,464.8419189453125
2024-01-17,1846.17578125,15.0,181.14634704589844,384.4665832519531,462.258056640625
2024-01-18,1896.3218994140625,15.199999809265137,187.04640197753906,388.8100280761719,466.36883544921875
2024-01-19,2022.7432861328125,15.630000114440918,189.95179748535156,393.54840087890625,472.18267822265625
2024-01-22,2161.17236328125,15.640000343322754,192.26223754882812,391.4161682128906,473.1810302734375
2024-01-23,2134.458251953125,15.789999961853027,193.54139709472656,393.7754211425781,474.5610656738281
2024-01-24,2226.384521484375,16.440000534057617,192.8671112060547,397.388427734375,475.0798034667969
2024-01-25,2340.93310546875,17.3700008392334,192.53990173339844,399.66876220703125,477.6637268066406
2024-01-26,2353.885498046875,17.690000534057617,190.80458068847656,398.7408447265625,477.056884765625
2024-01-29,2401.422607421875,17.540000915527344,190.120361328125,404.4564514160156,480.83489990234375
2024-01-30,2468.25390625,17.290000915527344,186.46133422851562,403.3409423828125,480.4629821777344
2024-01-31,2475.0,17.280000686645508,182.85191345214844,392.472412109375,472.6231384277344
2024-02-01,2524.15625,17.489999771118164,185.29127502441406,398.5927734375,478.80889892578125
2024-02-02,2546.328369140625,17.18000030517578,184.28973388671875,405.93719482421875,483.8494873046875
2024-02-05,2422.020751953125,16.40999984741211,186.1043701171875,400.438720703125,482.08770751953125
2024-02-06,2311.025390625,16.530000686645508,187.7107696533203,400.2807922363281,483.4873352050781
2024-02-07,2170.93212890625,16.040000915527344,187.81985473632812,408.7308349609375,487.51983642578125
2024-02-08,2072.34912109375,15.8100004196167,186.73902893066406,408.7900085449219,487.735107421875
2024-02-09,2091.1484375,16.639999389648438,187.50352478027344,415.14727783203125,490.553955078125
2024-02-14,2119.1220703125,17.020000457763672,182.83702087402344,404.9769287109375,487.9798583984375
2024-02-15,2112.0166015625,17.0,182.549072265625,402.0792541503906,491.3467712402344
2024-02-16,2077.071533203125,16.850000381469727,181.01011657714844,399.6067810058594,488.89990234375
2024-02-20,2095.5107421875,16.709999084472656,180.26547241210938,398.3507385253906,486.2082824707031
2024-02-21,2071.494873046875,16.959999084472656,181.0200958251953,397.74749755859375,486.648681640625
2024-02-22,2191.170166015625,18.049999237060547,183.05545043945312,407.11309814453125,496.7201232910156
2024-02-23,2224.22607421875,18.040000915527344,181.2186279296875,405.81756591796875,497.0627136230469
2024-02-26,2227.05908203125,17.90999984741211,179.8683319091797,403.0484313964844,495.2421875
2024-02-27,2130.725341796875,17.40999984741211,181.32786560058594,402.9891052246094,496.1622619628906
2024-02-28,2085.70654296875,17.06999969482422,180.12649536132812,403.2264404296875,495.50653076171875
2024-02-29,2121.37060546875,17.299999237060547,179.46127319335938,409.0812072753906,497.28778076171875
2024-03-01,2141.0244140625,17.829999923706055,178.3790283203125,410.92071533203125,501.95648193359375
2024-03-04,2110.7568359375,18.709999084472656,173.8515625,410.34710693359375,501.418212890625
2024-03-05,2003.0899658203125,18.200000762939453,168.9070587158203,398.2122802734375,496.4069519042969
2024-03-06,2087.28076171875,18.670000076293945,167.91416931152344,397.6584777832031,498.9223327636719
2024-03-07,2091.05810546875,18.31999969482422,167.7950439453125,404.6308288574219,503.8748474121094
2024-03-08,2104.955322265625,17.649999618530273,169.5126953125,401.74298095703125,500.85052490234375
2024-03-11,1998.412353515625,17.34000015258789,171.51829528808594,400.0616760253906,500.4198303222656
2024-03-12,2192.159423828125,17.639999389648438,171.99485778808594,410.7030944824219,505.80303955078125
2024-03-13,2295.64404296875,18.110000610351562,169.90985107421875,410.525146484375,505.01019287109375
2024-03-14,2230.432373046875,18.0,171.76651000976562,420.5335693359375,504.01190185546875
2024-03-15,2306.9775390625,18.059999465942383,171.38922119140625,411.83056640625,500.5510559082031
2024-03-18,2400.79296875,19.260000228881836,172.48138427734375,412.72064208984375,503.5259094238281
2024-03-19,2358.02294921875,18.969999313354492,174.82456970214844,416.76556396484375,506.3240966796875
2024-03-20,2500.905029296875,19.360000610351562,177.39608764648438,420.5434875488281,511.0072021484375
2024-03-21,2557.57177734375,20.190000534057617,170.14813232421875,424.6378173828125,512.6959838867188
2024-03-22,2564.407958984375,20.260000228881836,171.05166625976562,424.0147705078125,511.7239990234375
2024-03-25,2548.12744140625,20.3700008392334,169.63185119628906,418.1995544433594,510.3101806640625
2024-03-26,2539.807373046875,19.799999237060547,168.49998474121094,417.0028991699219,509.36761474609375
2024-03-27,2545.2939453125,20.1200008392334,172.0742950439453,416.7852783203125,513.6483154296875
2024-04-03,2520.783203125,20.639999389648438,168.4403839111328,415.816162109375,509.9567565917969
2024-04-04,2458.44970703125,20.229999542236328,167.6163330078125,413.2744445800781,503.73211669921875
2024-04-05,2583.656982421875,21.040000915527344,168.3708953857422,420.83026123046875,508.99456787109375
2024-04-08,2597.239013671875,21.709999084472656,167.2489471435547,419.9104919433594,509.2792663574219
2024-04-09,2685.7470703125,21.75,168.4602813720703,421.58184814453125,509.8683776855469
2024-04-10,2720.826904296875,21.459999084472656,166.58372497558594,418.5951843261719,504.762939453125
2024-04-11,2805.5126953125,21.610000610351562,173.79196166992188,423.2137145996094,508.5723571777344
2024-04-12,2785.94873046875,21.170000076293945,175.29119873046875,417.25018310546875,501.552490234375
2024-04-15,2673.244873046875,20.209999084472656,171.458740234375,409.0812072753906,495.2690124511719
2024-04-16,2688.265869140625,20.25,168.17234802246094,410.0108337402344,494.3657531738281
2024-04-17,2657.413818359375,19.469999313354492,166.80218505859375,407.301025390625,491.43994140625
2024-04-18,2697.530517578125,19.06999969482422,165.8489990234375,399.8144226074219,490.4287109375
2024-04-19,2727.887939453125,19.34000015258789,163.8235626220703,394.7212219238281,486.1480712890625
2024-04-22,2946.4609375,20.790000915527344,164.65757751464844,396.5409240722656,490.6251220703125
2024-04-23,2888.129638671875,20.8700008392334,165.70999145507812,403.0780944824219,496.4471130371094
2024-04-24,2766.655029296875,20.15999984741211,167.81491088867188,404.5516357421875,496.2115173339844
2024-04-25,2872.65869140625,20.239999771118164,168.67869567871094,394.64208984375,494.3264465332031
2024-04-26,2979.5166015625,21.170000076293945,168.0928955078125,401.8418884277344,499.0096435546875
2024-04-29,3064.112548828125,21.479999542236328,172.26295471191406,397.81671142578125,500.7768859863281
2024-04-30,3196.335205078125,21.959999084472656,169.1155548095703,385.0390930175781,492.8439636230469
2024-05-02,3207.263916015625,22.360000610351562,171.79629516601562,393.455322265625,495.8384094238281
2024-05-03,3462.040771484375,23.3799991607666,182.07252502441406,402.1781005859375,501.9845275878906
2024-05-06,3668.740478515625,23.8799991607666,180.4144287109375,408.9823303222656,507.16839599609375
2024-05-07,3509.66796875,24.030000686645508,181.09950256347656,404.8285827636719,507.7280578613281
2024-05-08,3494.086669921875,24.459999084472656,181.43707275390625,406.0153503417969,507.7770080566406
2024-05-09,3433.635986328125,24.3799991607666,183.25405883789062,407.7757263183594,510.702880859375
2024-05-10,3397.611572265625,22.780000686645508,181.99134826660156,410.1690368652344,511.3607482910156
2024-05-13,3370.86572265625,22.780000686645508,185.20269775390625,409.1603088378906,511.4294128417969
2024-05-14,3466.06787109375,23.020000457763672,186.34605407714844,411.9690246582031,513.7759399414062
2024-05-15,3619.1728515625,23.90999984741211,188.62281799316406,419.1718444824219,520.1380004882812
2024-05-16,3636.77587890625,23.639999389648438,188.74209594726562,417.10113525390625,519.0678100585938
2024-05-17,3634.33349609375,23.440000534057617,188.77194213867188,416.3283386230469,519.81396484375
2024-05-20,3809.467041015625,23.770000457763672,189.93515014648438,421.4109802246094,520.4129028320312
2024-05-21,3916.4853515625,23.530000686645508,191.23757934570312,425.0767822265625,521.689208984375
2024-05-22,3825.21435546875,21.770000457763672,189.7959747314453,426.54315185546875,520.1871337890625
2024-05-23,3633.821044921875,21.350000381469727,185.79922485351562,423.0556335449219,516.3875732421875
2024-05-24,3780.208251953125,21.010000228881836,188.88128662109375,426.18646240234375,519.8041381835938
2024-05-28,3816.03662109375,22.25,188.89122009277344,426.3450012207031,520.16748046875
2024-05-29,3873.99462890625,22.459999084472656,189.18951416015625,425.20562744140625,516.5249633789062
2024-05-30,4023.642822265625,23.90999984741211,190.1837158203125,410.8395690917969,513.098388671875
2024-05-31,4076.10400390625,23.209999084472656,191.13816833496094,411.2952880859375,517.7717895507812
2024-06-03,4140.44580078125,22.100000381469727,192.90786743164062,409.7001647949219,518.1940307617188
2024-06-04,4014.04541015625,20.280000686645508,193.2260284423828,412.22662353515625,518.773193359375
2024-06-05,3977.751953125,20.809999465942383,194.7372283935547,420.0932922363281,524.9390258789062
2024-06-06,3772.101318359375,20.100000381469727,193.35525512695312,420.5985107421875,524.9291381835938
2024-06-07,3807.230712890625,20.020000457763672,195.7513427734375,419.9347229003906,524.2909545898438
2024-06-10,3999.0439453125,20.829999923706055,192.0031280517578,423.9176025390625,525.910888671875
2024-06-11,3916.951416015625,20.270000457763672,205.9519805908203,428.68316650390625,527.177490234375
2024-06-12,4076.429443359375,20.670000076293945,211.83778381347656,436.98577880859375,531.5072021484375
2024-06-13,4145.5703125,21.170000076293945,213.00100708007812,437.5009765625,532.577392578125
2024-06-14,4038.505126953125,20.8799991607666,211.2611083984375,438.4818115234375,532.9014282226562
2024-06-18,4016.794677734375,21.010000228881836,213.05068969726562,442.21697998046875,538.5074462890625
2024-06-24,4024.248779296875,20.770000457763672,206.93626403808594,443.5347595214844,534.5811767578125
2024-06-25,4040.73388671875,20.81999969482422,207.86090087890625,446.7843933105469,536.6397705078125
2024-06-26,3966.78173828125,20.280000686645508,212.01670837402344,447.9832458496094,537.3096313476562
2024-06-27,4057.469970703125,20.719999313354492,212.86180114746094,448.6668701171875,538.1566162109375
2024-06-28,3943.227294921875,20.1200008392334,209.40191650390625,442.8213806152344,536.0388793945312
2024-07-01,3768.573486328125,19.34000015258789,215.49647521972656,452.51104736328125,537.14208984375
2024-07-02,3851.251708984375,20.010000228881836,218.99610900878906,455.0374450683594,540.7569580078125
2024-07-03,3814.5380859375,20.149999618530273,220.2687225341797,456.513671875,543.1701049804688
2024-07-05,3795.75146484375,20.079999923706055,225.031005859375,463.240966796875,546.3023071289062
2024-07-08,3791.93701171875,20.549999237060547,226.50245666503906,461.9331970214844,546.9326782226562
2024-07-10,3909.80322265625,21.049999237060547,231.63262939453125,461.9430847167969,552.8818359375
2024-07-11,3919.339599609375,21.1299991607666,226.25392150878906,450.4997863769531,548.1145629882812
2024-07-12,3919.339599609375,21.290000915527344,229.20672607421875,449.3603820800781,551.5718994140625
2024-07-15,3418.69384765625,20.989999771118164,233.04440307617188,449.7666015625,553.0887451171875
2024-07-16,3518.8232421875,20.639999389648438,233.4619903564453,445.36761474609375,556.3685913085938
2024-07-17,3409.15771484375,19.8700008392334,227.5563201904297,439.42303466796875,548.5676879882812
2024-07-18,3437.765869140625,19.90999984741211,222.8834991455078,436.3021545410156,544.35205078125
2024-07-19,3612.765869140625,20.190000534057617,223.0127410888672,433.0722351074219,540.7372436523438
2024-07-22,3686.3955078125,20.15999984741211,222.664794921875,438.848388671875,546.3121337890625
2024-07-23,3872.92431640625,20.469999313354492,223.70870971679688,440.74078369140625,545.4552612304688
2024-07-24,3764.933837890625,19.690000534057617,217.276123046875,424.9381103515625,533.0938720703125
2024-07-25,3637.308837890625,19.68000030517578,216.23220825195312,414.53509521484375,530.316162109375
2024-07-26,3661.85205078125,19.979999542236328,216.69949340820312,421.34161376953125,536.255615234375
2024-07-29,3514.5927734375,19.299999237060547,216.97787475585938,422.78814697265625,536.5708618164062
2024-07-30,3362.424560546875,18.950000762939453,217.53460693359375,419.01336669921875,533.8524169921875
2024-07-31,3642.2177734375,19.940000534057617,220.795654296875,414.4855651855469,542.5298461914062
2024-08-01,3642.2177734375,19.3700008392334,217.09716796875,413.2569580078125,534.8471069335938
2024-08-02,3475.323486328125,18.139999389648438,218.58848571777344,404.7166442871094,524.88916015625
2024-08-05,3460.59765625,18.059999465942383,208.0597381591797,391.4998779296875,509.6024169921875
2024-08-06,3593.131103515625,18.450000762939453,206.03152465820312,395.9186706542969,514.3007202148438
2024-08-07,3637.308837890625,19.030000686645508,208.60655212402344,394.7495422363281,510.8631591796875
2024-08-08,3946.553955078125,19.780000686645508,212.07638549804688,398.97021484375,522.6729125976562
2024-08-09,4074.1787109375,20.579999923706055,214.9894561767578,402.2694091796875,524.9777221679688
2024-08-12,4093.81298828125,21.440000534057617,216.5222930908203,403.0521545410156,525.2536010742188
2024-08-13,4108.53955078125,21.59000015258789,220.24497985839844,410.1856384277344,533.8917236328125
2024-08-14,4236.1640625,21.600000381469727,220.69288635253906,413.00933837890625,535.575927734375
2024-08-15,4299.9765625,21.780000686645508,223.6790008544922,417.89263916015625,544.7559204101562
2024-08-16,4309.7939453125,21.670000076293945,225.00283813476562,415.35174560546875,545.9772338867188
2024-08-19,4353.9716796875,21.790000915527344,224.8435821533203,418.3889465332031,551.197509765625
2024-08-20,4417.7841796875,21.639999389648438,225.46067810058594,421.6345520019531,550.3012084960938
2024-08-21,4304.88525390625,21.1200008392334,225.35121154785156,420.9794921875,552.1923828125
2024-08-22,4196.89501953125,20.68000030517578,223.4898681640625,412.4534606933594,547.8585205078125
2024-08-23,4378.5146484375,21.06999969482422,225.78916931152344,413.6842346191406,553.6796875
2024-08-26,4290.15966796875,21.31999969482422,226.12759399414062,410.4088439941406,552.35986328125
2024-08-27,4442.32763671875,21.59000015258789,226.97364807128906,410.7562561035156,553.1182861328125
2024-08-28,4461.9619140625,21.729999542236328,225.4407958984375,407.54034423828125,549.9072875976562
2024-08-29,4766.29833984375,22.440000534057617,228.72549438476562,410.0415954589844,549.9564208984375
2024-08-30,4967.55322265625,23.700000762939453,227.93917846679688,414.0316467285156,555.2064208984375
2024-09-03,5163.89892578125,23.25,221.738037109375,406.3890380859375,543.7808227539062
2024-09-04,5360.24462890625,24.040000915527344,219.82693481445312,405.8530578613281,542.6678466796875
2024-09-05,5252.25439453125,23.920000076293945,221.34982299804688,405.34686279296875,541.347900390625
2024-09-06,5095.177734375,23.350000381469727,219.79705810546875,398.70672607421875,532.2369384765625
2024-09-09,5154.08154296875,23.270000457763672,219.8866424560547,402.69671630859375,538.1959838867188
2024-09-10,5075.54296875,22.719999313354492,219.09034729003906,411.1135559082031,540.540283203125
2024-09-11,5281.70654296875,22.81999969482422,221.6285400390625,419.8876953125,546.0855712890625
2024-09-12,5350.427734375,23.110000610351562,221.738037109375,423.81817626953125,550.6854248046875
2024-09-13,5536.9560546875,23.309999465942383,221.4692840576172,427.3814392089844,553.5614624023438
2024-09-16,5419.1484375,23.8700008392334,215.3179168701172,428.1258239746094,554.3790893554688
2024-09-17,5497.68701171875,23.649999618530273,215.7857208251953,431.9074401855469,554.6055908203125
2024-09-18,5586.04248046875,23.559999465942383,219.66766357421875,427.59979248046875,552.960693359375
2024-09-19,5625.31201171875,24.260000228881836,227.80975341796875,435.42108154296875,562.3966064453125
2024-09-20,5595.8603515625,23.649999618530273,227.1428680419922,432.0265197753906,561.4243774414062
2024-09-23,5487.869140625,22.8799991607666,225.42088317871094,430.2796936035156,562.827392578125
2024-09-24,5330.79248046875,22.75,226.3167266845703,425.97198486328125,564.4378662109375
2024-09-25,5212.9853515625,22.350000381469727,225.3213348388672,428.8901062011719,563.19287109375
2024-09-26,5203.16845703125,22.059999465942383,226.46603393554688,428.0960388183594,565.42578125
2024-09-27,5262.07177734375,21.68000030517578,226.73477172851562,424.8305358886719,564.6057739257812
2024-09-30,5134.447265625,21.209999084472656,231.92063903808594,427.09356689453125,566.8682861328125
2024-10-01,5183.53369140625,21.670000076293945,225.162109375,417.5552062988281,561.7900390625
2024-10-02,5095.177734375,21.690000534057617,225.7294464111328,414.021728515625,562.0271606445312
2024-10-03,5242.43701171875,22.360000610351562,224.6245880126953,413.4361572265625,560.9996337890625
2024-10-04,5232.6201171875,22.239999771118164,225.74935913085938,412.9596862792969,566.09765625
2024-10-07,5095.177734375,21.979999542236328,220.6630401611328,406.48828125,560.9798583984375
2024-10-08,5232.6201171875,22.100000381469727,224.72412109375,411.6197814941406,566.2853393554688
2024-10-09,5438.78369140625,23.59000015258789,228.47666931152344,414.3492431640625,570.2076416015625
2024-10-10,5556.5908203125,24.25,227.97898864746094,412.7413024902344,569.2098999023438
2024-10-14,5733.3017578125,25.25,230.228515625,416.0167541503906,577.3014526367188
2024-10-15,5752.9365234375,25.739999771118164,232.76669311523438,415.61968994140625,572.8159790039062
2024-10-16,5684.21533203125,24.8799991607666,230.70628356933594,413.01922607421875,575.3056640625
2024-10-17,5703.85009765625,25.020000457763672,231.07456970214844,413.6147766113281,575.3551025390625
2024-10-18,5929.64794921875,25.0,233.91136169433594,415.0440368652344,577.5681762695312
2024-10-21,5939.46484375,24.8700008392334,235.38450622558594,415.659423828125,576.6197509765625
2024-10-22,5929.64794921875,24.81999969482422,234.76739501953125,424.32440185546875,576.3135375976562
2024-10-23,5792.20556640625,24.299999237060547,229.6909942626953,421.4360656738281,571.0474243164062
2024-10-24,6116.1767578125,25.110000610351562,229.5019073486328,421.5650939941406,572.282470703125
2024-10-25,6175.08056640625,25.649999618530273,230.33799743652344,424.9595642089844,572.0848999023438
2024-10-28,6135.8115234375,25.510000228881836,232.31878662109375,423.4112243652344,573.8534545898438
2024-10-29,6037.638671875,24.84000015258789,232.58753967285156,428.7313232421875,574.7820434570312
2024-10-30,5929.64794921875,24.549999237060547,229.03407287597656,429.30694580078125,573.0432739257812
2024-10-31,5988.5517578125,24.510000228881836,224.8634796142578,403.32208251953125,561.809814453125
2024-11-01,5978.73486328125,25.3700008392334,221.8773651123047,407.31207275390625,564.1809692382812
2024-11-04,6047.45556640625,26.59000015258789,220.98153686523438,405.41632080078125,562.9656982421875
2024-11-05,5949.2822265625,27.489999771118164,222.4148712158203,408.3939514160156,569.7730102539062
2024-11-06,6292.88818359375,28.25,221.68824768066406,417.0489807128906,583.9407348632812
2024-11-07,6302.70556640625,29.31999969482422,226.42620849609375,422.2598571777344,588.455810546875
2024-11-08,6135.8115234375,29.239999771118164,226.15716552734375,419.39141845703125,591.0047607421875
2024-11-11,6184.89794921875,29.84000015258789,223.4368133544922,414.8951721191406,591.5679931640625
2024-11-12,6243.8017578125,29.790000915527344,223.4368133544922,419.87774658203125,589.7304077148438
2024-11-13,6233.984375,30.90999984741211,224.3236541748047,422.0316162109375,590.0169067382812
2024-11-14,6224.16650390625,32.2599983215332,227.41270446777344,423.7090148925781,586.2230224609375
2024-11-15,6224.16650390625,32.38999938964844,224.2041015625,411.9075927734375,578.7142944335938
2024-11-19,6194.71484375,35.54999923706055,227.4724884033203,414.67681884765625,583.2095947265625
2024-11-20,6204.5322265625,37.16999816894531,228.18994140625,412.3939208984375,583.4072265625
2024-11-21,6155.44580078125,37.470001220703125,227.71165466308594,410.6137390136719,586.5391235351562
2024-11-22,6057.27294921875,40.029998779296875,229.05686950683594,414.7211608886719,588.3571166992188
2024-11-25,6086.72509765625,39.2599983215332,232.04624938964844,416.5013732910156,590.352783203125
2024-11-26,6233.984375,40.029998779296875,234.228515625,425.6510925292969,593.4353637695312
2024-11-27,6057.27294921875,39.709999084472656,234.0989532470703,420.67840576171875,591.6371459960938
2024-11-29,6175.08056640625,40.29999923706055,236.490478515625,421.1458435058594,595.3125
2024-12-02,6449.96533203125,40.220001220703125,238.74246215820312,428.6247863769531,596.3795776367188
2024-12-03,6391.06103515625,40.150001525878906,241.79165649414062,428.84356689453125,596.6561279296875
2024-12-04,6116.1767578125,38.380001068115234,242.150390625,435.0295715332031,600.3610229492188
2024-12-05,6224.16650390625,38.459999084472656,242.18026733398438,440.2011413574219,599.3731079101562
2024-12-06,6204.5322265625,38.869998931884766,241.98097229003906,441.1459655761719,600.5093383789062
2024-12-09,6194.71484375,40.5099983215332,245.8771514892578,443.58251953125,597.4168701171875
2024-12-10,6076.90771484375,40.650001525878906,246.8935546875,440.9072570800781,595.5593872070312
2024-12-11,6410.69580078125,43.119998931884766,245.6180877685547,446.5363464355469,600.1635131835938
2024-12-12,6489.234375,43.959999084472656,247.08287048339844,447.10321044921875,597.0711059570312
2024-12-13,6636.4931640625,44.560001373291016,247.2522735595703,444.8257141113281,596.9525756835938
2024-12-16,7451.32958984375,44.58000183105469,250.1519775390625,449.1221008300781,599.5015258789062
2024-12-17,7755.666015625,44.880001068115234,252.58334350585938,451.9764099121094,597.0315551757812
2024-12-18,7461.146484375,41.689998626708984,247.1725616455078,434.999755859375,579.2379150390625
2024-12-19,7107.7236328125,41.41999816894531,248.90640258789062,434.6416931152344,579.06005859375
2024-12-20,7274.61767578125,42.02000045776367,253.58978271484375,434.21405029296875,586.01513671875
2024-12-23,7274.61767578125,42.439998626708984,254.3670196533203,432.8714294433594,589.5243530273438
2024-12-24,7461.146484375,42.790000915527344,257.28668212890625,436.9291076660156,596.076904296875
2024-12-26,7569.13671875,43.060001373291016,258.1037292480469,435.7157897949219,596.11669921875
2024-12-27,7470.9638671875,42.63999938964844,254.6858673095703,428.1772155761719,589.8416137695312
2024-12-30,7313.88720703125,42.369998931884766,251.30787658691406,422.50836181640625,583.110595703125
2025-01-02,7922.5595703125,44.599998474121094,242.98741149902344,416.2925109863281,579.5616455078125
2025-01-03,8079.63671875,44.060001373291016,242.49916076660156,421.0364685058594,586.8081665039062
2025-01-06,8354.5205078125,45.0099983215332,244.1333465576172,425.5118713378906,590.1885375976562
2025-01-07,8442.876953125,46.029998779296875,241.3532257080078,420.0617980957031,583.5169677734375
2025-01-08,8325.068359375,45.31999969482422,241.84149169921875,422.2398376464844,584.3694458007812
2025-01-10,8472.328125,45.849998474121094,236.01219177246094,416.6604919433594,575.4476928710938
2025-01-13,7961.8291015625,44.5099983215332,233.5708465576172,414.9101257324219,576.3399047851562
2025-01-14,8275.9833984375,45.0,232.45480346679688,413.3984375,577.1329345703125
2025-01-15,8325.068359375,45.0,237.028564453125,423.98028564453125,587.6309814453125
2025-01-16,8217.0791015625,43.81999969482422,227.4525604248047,422.25970458984375,586.5008544921875
2025-01-17,7696.76123046875,42.709999084472656,229.1664581298828,426.6854248046875,592.3892822265625
2025-01-21,8070.99072265625,43.349998474121094,221.85243225097656,426.1583251953125,597.8117065429688
2025-01-22,8325.3486328125,43.02000045776367,223.03823852539062,443.7616271972656,601.1723022460938
2025-01-23,8168.82080078125,41.959999084472656,222.86883544921875,444.2687683105469,604.45361328125
2025-01-24,8061.2080078125,40.959999084472656,221.991943359375,441.63330078125,602.6890258789062
2025-01-27,7470.9638671875,39.619998931884766,229.04690551757812,432.1851806640625,594.1637573242188
2025-01-28,7628.04052734375,38.86000061035156,237.4171905517578,444.7561340332031,599.26904296875
2025-01-29,7942.1943359375,40.0,238.5133056640625,439.9126892089844,596.58251953125
2025-01-30,8060.00146484375,40.47999954223633,236.7495574951172,412.7221374511719,599.7844848632812
2025-01-31,7932.376953125,39.470001220703125,235.16519165039062,412.7917785644531,596.5924682617188
2025-02-03,7618.22314453125,38.47999954223633,227.2034454345703,408.67437744140625,592.57763671875
2025-02-04,7736.03125,39.31999969482422,231.97650146484375,410.116455078125,596.5528564453125
2025-02-05,7598.5888671875,38.560001373291016,231.64767456054688,411.0314636230469,598.9715576171875
2025-02-06,7755.666015625,39.33000183105469,232.39501953125,413.547607421875,601.0533447265625
2025-02-07,7461.146484375,37.790000915527344,226.82479858398438,407.5107727050781,595.551513671875
2025-02-10,7362.9736328125,38.0,227.0941162109375,409.96728515625,599.5961303710938
2025-02-11,6872.10888671875,36.099998474121094,232.052001953125,409.1915283203125,600.0521850585938
2025-02-12,6823.0224609375,36.2599983215332,236.29161071777344,406.8046569824219,598.1190795898438
2025-02-13,6960.46435546875,37.13999938964844,240.94024658203125,408.2964782714844,604.4337768554688
2025-02-14,6980.09912109375,37.220001220703125,244.00274658203125,406.1979675292969,604.4039916992188
2025-02-18,7127.3583984375,37.15999984741211,243.87306213378906,407.4013977050781,606.178466796875
2025-02-19,7176.44482421875,37.11000061035156,244.27207946777344,412.50335693359375,607.60595703125
2025-02-20,7146.99267578125,38.38999938964844,245.229736328125,414.6857604980469,605.0780639648438
2025-02-21,7019.36865234375,37.060001373291016,244.95042419433594,406.793212890625,594.728759765625
2025-02-24,6940.830078125,36.380001068115234,246.49664306640625,402.59783935546875,592.0225219726562
2025-02-25,6862.29150390625,35.41999816894531,246.43678283691406,396.5190124511719,589.0782470703125
2025-02-26,7009.55078125,35.68000030517578,239.77308654785156,398.3426818847656,589.3756713867188
2025-02-27,6695.39697265625,34.45000076293945,236.72056579589844,391.1676330566406,579.968017578125
2025-02-28,6803.38720703125,35.04999923706055,241.24948120117188,395.6121520996094,589.018798828125
2025-03-05,7048.8203125,34.13999938964844,235.1643829345703,399.628173828125,577.9954223632812
2025-03-06,6940.830078125,33.40999984741211,234.75538635253906,395.5125427246094,567.7352905273438
2025-03-07,6911.37841796875,33.38999938964844,238.4862518310547,391.9449462890625,570.9173583984375
2025-03-10,6499.0517578125,31.559999465942383,226.92454528808594,378.840576171875,555.710693359375
2025-03-11,6567.7724609375,31.889999389648438,220.30076599121094,379.1296081542969,551.0911254882812
2025-03-12,6980.09912109375,33.88999938964844,216.45018005371094,381.9397888183594,554.0155029296875
2025-03-13,6940.830078125,33.709999084472656,209.1680145263672,377.45538330078125,546.6302490234375
2025-03-14,7245.166015625,35.779998779296875,212.96871948242188,387.21142578125,557.9212646484375
2025-03-17,7186.26220703125,36.18000030517578,213.4774627685547,387.3509521484375,562.2235717773438
2025-03-18,6989.91650390625,33.790000915527344,212.170654296875,382.1889343261719,556.1468505859375
2025-03-19,7333.52197265625,35.47999954223633,214.7144317626953,386.4739990234375,562.2037353515625
2025-03-20,7137.17578125,35.529998779296875,213.5772247314453,385.4974060058594,560.5780029296875
2025-03-21,7402.2431640625,36.529998779296875,217.73703002929688,389.9020690917969,560.762939453125
2025-03-25,7510.2333984375,37.66999816894531,223.2036590576172,393.7885437011719,572.177490234375
2025-03-26,7343.33935546875,37.25,220.9890594482422,388.6165466308594,565.3466796875
2025-03-27,7176.44482421875,37.369998931884766,223.30340576171875,389.2243957519531,563.8452758789062
2025-03-28,7176.44482421875,36.0,217.36793518066406,377.48529052734375,552.4904174804688
2025-03-31,7029.185546875,35.040000915527344,221.58761596679688,374.087158203125,556.1991577148438
2025-04-01,7117.54052734375,35.5,222.64501953125,380.863525390625,557.7700805664062
2025-04-03,6940.830078125,33.54999923706055,202.69386291503906,371.8150329589844,533.6386108398438
2025-04-04,6322.33984375,30.0,187.92002868652344,358.5910949707031,502.3977966308594
2025-04-07,6047.45556640625,28.489999771118164,181.0169219970703,356.61798095703125,501.5029296875
2025-04-08,6125.99462890625,27.15999984741211,171.99899291992188,353.3294372558594,493.64801025390625
2025-04-09,6852.47412109375,29.59000015258789,198.3644561767578,389.1347351074219,545.4906005859375
2025-04-10,6548.13818359375,27.579999923706055,189.95504760742188,380.0264587402344,521.5877685546875
2025-04-11,7088.0888671875,30.030000686645508,197.66615295410156,387.101806640625,530.8943481445312
2025-04-14,7578.95361328125,33.130001068115234,202.02549743652344,386.4640197753906,536.0447387695312
2025-04-15,7274.61767578125,31.84000015258789,201.64642333984375,384.3912658691406,534.5433349609375
2025-04-16,6940.830078125,32.4900016784668,193.79563903808594,370.32025146484375,522.6615600585938
2025-04-21,6715.03173828125,31.81999969482422,192.68833923339844,357.87359619140625,510.94873046875
2025-04-22,7146.99267578125,33.0,199.25228881835938,365.5469055175781,524.2424926757812
2025-04-23,7441.51220703125,32.650001525878906,204.10043334960938,373.09063720703125,532.3658447265625
2025-04-24,7441.51220703125,32.2400016784668,207.8612060546875,385.9557800292969,543.5715942382812
2025-04-25,7470.9638671875,32.0,208.76898193359375,390.4900207519531,547.4990234375
2025-04-28,7294.2529296875,31.450000762939453,209.62689208984375,389.80242919921875,547.7078247070312
2025-04-29,7156.81005859375,31.1299991607666,210.69427490234375,392.67242431640625,551.1580200195312
2025-04-30,7058.63720703125,29.799999237060547,211.9811248779297,393.88818359375,551.3768310546875
2025-05-05,6852.47412109375,28.100000381469727,198.40435791015625,434.65618896484375,560.295654296875
2025-05-06,6970.28173828125,30.18000030517578,198.0252685546875,431.8061218261719,555.6124877929688
2025-05-07,6675.7626953125,30.270000457763672,195.7707977294922,431.8459777832031,557.9490966796875
2025-05-08,6715.03173828125,30.84000015258789,197.00778198242188,436.6492614746094,561.8367919921875
2025-05-09,6709.87158203125,32.70000076293945,198.0452423095703,437.2073059082031,561.1209716796875
2025-05-12,7214.59619140625,35.529998779296875,210.55104064941406,447.7007751464844,579.66455078125
2025-05-13,7234.3896484375,35.90999984741211,212.68861389160156,447.5812072753906,583.4925537109375
2025-05-14,7165.11328125,36.2400016784668,212.08929443359375,451.36798095703125,584.23828125
2025-05-15,7105.734375,35.77000045776367,211.21029663085938,452.3863220214844,587.0919189453125
2025-05-16,7224.49267578125,35.880001068115234,211.0205078125,453.5244445800781,590.8106079101562
2025-05-19,7323.45849609375,36.90999984741211,208.54331970214844,458.11688232421875,591.4568481445312
2025-05-20,7333.35498046875,36.5,206.62550354003906,457.4180603027344,589.46826171875
2025-05-21,7165.11328125,35.93000030517578,201.86090087890625,451.8272399902344,579.5352783203125
2025-05-22,7125.52783203125,36.119998931884766,201.13172912597656,454.11346435546875,579.7639770507812
2025-05-23,7254.1826171875,36.52000045776367,195.04864501953125,449.441162109375,575.806640625
2025-05-27,7145.3203125,36.56999969482422,199.98304748535156,459.93389892578125,587.7780151367188
2025-05-28,7056.25146484375,36.959999084472656,200.1927947998047,456.609375,584.37744140625
2025-05-29,6888.009765625,36.2599983215332,199.72332763671875,457.9272155761719,586.6842651367188
2025-05-30,6888.009765625,35.380001068115234,200.622314453125,459.60443115234375,586.0280151367188
2025-06-02,6709.87158203125,34.619998931884766,201.47134399414062,461.2118225097656,589.3291015625
2025-06-03,6729.66455078125,35.31999969482422,203.03956604003906,462.2101745605469,592.6898193359375
2025-06-04,6412.974609375,33.61000061035156,202.590087890625,463.1086730957031,592.5307006835938
2025-06-05,6442.6640625,33.880001068115234,200.40257263183594,466.91241455078125,589.6671142578125
2025-06-06,6561.42333984375,34.27000045776367,203.68882751464844,469.6080017089844,595.722412109375
2025-06-09,6422.87109375,33.709999084472656,201.2216339111328,471.97412109375,596.2593383789062
2025-06-10,6769.2509765625,36.290000915527344,202.44024658203125,470.1471252441406,599.6399536132812
2025-06-11,6620.802734375,35.91999816894531,198.55465698242188,471.8443298339844,597.9297485351562
2025-06-12,6620.802734375,36.209999084472656,198.97418212890625,478.0840759277344,600.3060913085938
2025-06-13,6462.45751953125,36.290000915527344,196.227294921875,474.18048095703125,593.5946044921875
2025-06-17,6353.59521484375,35.43000030517578,195.418212890625,477.25543212890625,594.12158203125
2025-06-18,6274.42236328125,35.279998779296875,196.35714721679688,479.4518127441406,594.0321044921875
2025-06-23,5947.8359375,33.790000915527344,201.27157592773438,485.2023620605469,598.49072265625
2025-06-24,6224.93994140625,34.349998474121094,200.07293701171875,489.30560302734375,605.1024169921875
2025-06-25,6155.6640625,33.060001373291016,201.33151245117188,491.4620666503906,605.4414672851562
2025-06-26,6175.45751953125,33.380001068115234,200.7721405029297,496.6335754394531,610.1783447265625
2025-06-27,6145.767578125,33.33000183105469,200.85205078125,495.1260681152344,613.2098999023438
2025-06-30,6017.1123046875,31.450000762939453,204.93740844726562,496.5936584472656,616.1417846679688
2025-07-01,6125.974609375,31.450000762939453,207.58441162109375,491.242431640625,615.9423828125
2025-07-02,6165.560546875,32.040000915527344,212.1991729736328,490.2840270996094,618.734619140625
2025-07-03,6195.25048828125,32.279998779296875,213.30792236328125,498.02130126953125,623.611083984375
2025-07-07,6126.91845703125,30.899999618530273,209.7119903564453,496.90313720703125,618.9639892578125
2025-07-08,6325.521484375,33.04999923706055,209.7719268798828,495.804931640625,618.6249389648438
2025-07-10,6146.77880859375,31.799999237060547,212.16920471191406,500.656982421875,624.0897827148438
2025-07-11,5958.10498046875,30.969999313354492,210.92062377929688,502.49395751953125,621.8958129882812
2025-07-14,6037.546875,31.079999923706055,208.3834991455078,502.1944274902344,623.08251953125
2025-07-15,6037.546875,31.610000610351562,208.87295532226562,504.9898376464844,620.419921875
2025-07-16,5878.66357421875,30.809999465942383,209.92176818847656,504.7901611328125,622.494140625
2025-07-17,6077.267578125,30.90999984741211,209.78192138671875,510.8601989746094,626.3035888671875
2025-07-18,6057.4072265625,30.729999542236328,210.9405975341797,509.212890625,625.8449096679688
2025-07-21,5997.82568359375,30.59000015258789,212.23912048339844,509.2228698730469,627.0316162109375
2025-07-22,5987.8955078125,30.530000686645508,214.15695190429688,504.44073486328125,627.121337890625
2025-07-23,6186.49951171875,32.290000915527344,213.9072265625,505.0397644042969,632.4566040039062
2025-07-24,6454.61376953125,32.400001525878906,213.51766967773438,510.0415344238281,632.6659545898438
2025-07-25,6593.63671875,33.15999984741211,213.63754272460938,512.866943359375,635.3385620117188
2025-07-28,6573.7763671875,33.22999954223633,213.80735778808594,511.65887451171875,635.1790161132812
2025-07-29,6782.3095703125,34.810001373291016,211.03050231933594,511.728759765625,633.503662109375
2025-07-30,6802.169921875,33.88999938964844,208.81301879882812,512.3976440429688,632.7058715820312
2025-07-31,6822.0302734375,33.540000915527344,207.33470153808594,532.6243896484375,630.3324584960938
2025-08-01,6643.28759765625,33.11000061035156,202.1505889892578,523.2498168945312,620.0010375976562
2025-08-04,6643.28759765625,33.47999954223633,203.11949157714844,534.7609252929688,629.4249267578125
2025-08-05,6812.10009765625,35.099998474121094,202.68995666503906,526.8838500976562,626.2337646484375
2025-08-06,7020.63427734375,36.20000076293945,213.0082550048828,524.0784912109375,631.030517578125
2025-08-07,6812.95458984375,35.77000045776367,219.7805633544922,519.9852294921875,630.501953125
2025-08-08,6753.19189453125,34.290000915527344,229.0900115966797,521.1832275390625,635.4183349609375
2025-08-11,6753.19189453125,34.29999923706055,227.17999267578125,520.9136962890625,634.1618041992188
2025-08-12,6842.8359375,33.95000076293945,229.64999389648438,528.3713989257812,640.9131469726562
2025-08-13,6802.994140625,33.75,233.3300018310547,519.7256469726562,643.1070556640625
2025-08-14,6424.49658203125,32.689998626708984,232.77999877929688,521.6224975585938,643.1668701171875
2025-08-18,6354.7734375,33.7400016784668,230.88999938964844,516.2512817382812,641.5214233398438
2025-08-19,6045.9990234375,31.969999313354492,230.55999755859375,508.933349609375,638.0410766601562
2025-08-20,6016.11767578125,31.40999984741211,226.00999450683594,504.8900146484375,636.3457641601562
2025-08-21,6065.92041015625,31.670000076293945,224.89999389648438,504.239990234375,633.7928466796875
2025-08-22,6016.11767578125,31.75,227.75999450683594,507.2300109863281,643.52587890625
2025-08-25,5727.2646484375,30.100000381469727,227.16000366210938,504.260009765625,640.6936645507812
2025-08-26,5627.66015625,30.709999084472656,229.30999755859375,502.0400085449219,643.3762817382812
2025-08-27,5398.5693359375,30.31999969482422,230.49000549316406,506.739990234375,644.8422241210938
2025-08-28,5348.76708984375,30.84000015258789,232.55999755859375,509.6400146484375,647.1258544921875
2025-08-29,5279.0439453125,30.469999313354492,232.13999938964844,506.69000244140625,643.2666015625
2025-09-02,5398.5693359375,30.3799991607666,229.72000122070312,505.1199951171875,638.4998168945312
2025-09-03,5269.08349609375,29.549999237060547,238.47000122070312,505.3500061035156,641.960205078125
2025-09-04,5518.0947265625,30.81999969482422,239.77999877929688,507.9700012207031,647.3253173828125
2025-09-05,5560.0,30.829999923706055,239.69000244140625,495.0,645.4505004882812
2025-09-08,4440.0,26.100000381469727,237.8800048828125,498.20001220703125,647.0361328125
2025-09-09,4325.0,26.829999923706055,234.35000610351562,498.4100036621094,648.531982421875
2025-09-10,4615.0,28.639999389648438,226.7899932861328,500.3699951171875,650.4067993164062
2025-09-11,4522.5,28.200000762939453,230.02999877929688,501.010009765625,655.8118286132812
2025-09-12,4410.0,27.079999923706055,234.07000732421875,509.8999938964844,655.5924072265625
2025-09-15,4305.0,26.690000534057617,236.6999969482422,515.3599853515625,659.0827026367188
2025-09-16,4440.0,27.709999084472656,238.14999389648438,509.0400085449219,658.1752319335938
2025-09-17,4407.5,27.239999771118164,238.99000549316406,510.0199890136719,657.3575439453125
2025-09-18,4195.0,24.40999984741211,237.8800048828125,508.45001220703125,660.4290161132812
2025-09-19,4087.5,23.8700008392334,245.5,517.9299926757812,663.7000122070312
2025-09-22,4607.5,26.920000076293945,256.0799865722656,514.4500122070312,666.8400268554688
2025-09-23,4475.0,27.450000762939453,254.42999267578125,509.2300109863281,663.2100219726562
2025-09-24,4572.5,27.729999542236328,252.30999755859375,510.1499938964844,661.0999755859375
2025-09-25,4282.5,26.770000457763672,256.8699951171875,507.0299987792969,658.0499877929688
2025-09-26,4340.0,26.049999237060547,255.4600067138672,511.4599914550781,661.8200073242188
2025-09-29,4397.5,25.350000381469727,254.42999267578125,514.5999755859375,663.6799926757812
2025-09-30,4250.0,24.290000915527344,254.6300048828125,517.9500122070312,666.1799926757812
2025-10-01,4190.0,23.56999969482422,255.4499969482422,519.7100219726562,668.4500122070312
2025-10-02,4337.5,23.809999465942383,257.1300048828125,515.739990234375,669.219970703125
2025-10-03,4375.0,24.149999618530273,258.0199890136719,517.3499755859375,669.2100219726562
